{
  "data":[
          {"b1":1,"b2":2,"b3":3,"except":"不是三角形"},
          {"b1":2,"b2":5,"b3":8,"except":"不是三角形"},
          {"b1":10,"b2":2,"b3":3,"except":"不是三角形"},
          {"b1":2,"b2":3,"b3":4,"except":"普通三角形"},
          {"b1":3,"b2":3,"b3":3,"except":"等边三角形"},
          {"b1":3,"b2":3,"b3":4,"except":"等腰三角形"},
          {"b1":5,"b2":7,"b3":5,"except":"等腰三角形"},
          {"b1":7,"b2":5,"b3":5,"except":"等腰三角形"}
  ]
}